{
  "input_feature_count": 46,
  "variance_threshold": 0.85,
  "retained_components_for_variance_threshold": 17,
  "explained_variance_ratio": [
    0.17168547449666466,
    0.14813362845882172,
    0.09251199022373827,
    0.07021851450100473,
    0.06256127086036725,
    0.04399525233301162,
    0.0416305171737697,
    0.036976156373495016,
    0.03221608339504843,
    0.027907420954684296,
    0.024332391510807704,
    0.021717447966176466,
    0.02024477526753232,
    0.019229060922671935,
    0.01790613873664183,
    0.017084654666744713,
    0.015338697316710682,
    0.014409674757405263,
    0.013454675687998513,
    0.011878429152741128,
    0.010684913333326627,
    0.008872654506373336,
    0.008644393776355602,
    0.007747419782894801,
    0.007152154047747964,
    0.006106349119712036,
    0.005576078308492958,
    0.0053811207510870715,
    0.005138217089476745,
    0.0047420917138180215,
    0.004426640348797224,
    0.00380734106986916,
    0.003339972325205113,
    0.002736018648719739,
    0.0025831681718220417,
    0.002075627206396596,
    0.0017617111215634186,
    0.0015406138912107687,
    0.0012097540740081186,
    0.0009140364206351026,
    0.0008606409878107136,
    0.0008238013085699507,
    0.0003398699803469168,
    5.226018952296027e-05,
    5.089707020100544e-05,
    7.243048805809027e-19
  ],
  "cumulative_variance_ratio": [
    0.17168547449666466,
    0.3198191029554864,
    0.4123310931792247,
    0.4825496076802294,
    0.5451108785405967,
    0.5891061308736083,
    0.630736648047378,
    0.667712804420873,
    0.6999288878159214,
    0.7278363087706058,
    0.7521687002814135,
    0.7738861482475899,
    0.7941309235151223,
    0.8133599844377942,
    0.831266123174436,
    0.8483507778411807,
    0.8636894751578914,
    0.8780991499152967,
    0.8915538256032952,
    0.9034322547560364,
    0.914117168089363,
    0.9229898225957364,
    0.931634216372092,
    0.9393816361549868,
    0.9465337902027348,
    0.9526401393224468,
    0.9582162176309398,
    0.9635973383820269,
    0.9687355554715036,
    0.9734776471853216,
    0.9779042875341188,
    0.981711628603988,
    0.9850516009291931,
    0.9877876195779128,
    0.9903707877497349,
    0.9924464149561315,
    0.9942081260776949,
    0.9957487399689057,
    0.9969584940429138,
    0.997872530463549,
    0.9987331714513596,
    0.9995569727599296,
    0.9998968427402766,
    0.9999491029297995,
    1.0000000000000004,
    1.0000000000000004
  ],
  "top_loading_summary": {
    "PC1": {
      "top_absolute_loadings": [
        {
          "feature": "mean_pixel_intensity",
          "loading": 1.4665741403931505
        },
        {
          "feature": "area_median",
          "loading": -0.9999668194428137
        },
        {
          "feature": "area_percentage",
          "loading": -0.983786524017916
        },
        {
          "feature": "solidity_iqr",
          "loading": -0.6862992815952321
        },
        {
          "feature": "eccentricity_iqr",
          "loading": 0.685354993749329
        },
        {
          "feature": "feret_p90",
          "loading": -0.6224887772640801
        },
        {
          "feature": "mean_intensity_p90",
          "loading": 0.5598985650014263
        },
        {
          "feature": "area_iqr",
          "loading": -0.48181677899053277
        },
        {
          "feature": "feret_iqr",
          "loading": -0.4797542648827039
        },
        {
          "feature": "roi_lab_a_std",
          "loading": -0.4425269844886354
        }
      ]
    },
    "PC2": {
      "top_absolute_loadings": [
        {
          "feature": "mean_pixel_intensity",
          "loading": 1.2277187166103314
        },
        {
          "feature": "area_median",
          "loading": 1.22060030272177
        },
        {
          "feature": "area_percentage",
          "loading": -0.7545875262769174
        },
        {
          "feature": "eccentricity_iqr",
          "loading": -0.6110091757611069
        },
        {
          "feature": "aspect_ratio_median",
          "loading": 0.5032096730602217
        },
        {
          "feature": "area_iqr",
          "loading": 0.49399720144534837
        },
        {
          "feature": "num_particles",
          "loading": -0.472375550362713
        },
        {
          "feature": "circular_variance",
          "loading": 0.4029549861541343
        },
        {
          "feature": "roi_v_std",
          "loading": -0.39753439775962096
        },
        {
          "feature": "roi_lab_a_std",
          "loading": -0.3953357807224806
        }
      ]
    },
    "PC3": {
      "top_absolute_loadings": [
        {
          "feature": "eccentricity_iqr",
          "loading": 1.4400025177522424
        },
        {
          "feature": "circularity_p90",
          "loading": 0.6688048772349929
        },
        {
          "feature": "aspect_ratio_median",
          "loading": 0.5192061000405317
        },
        {
          "feature": "circularity_iqr",
          "loading": 0.5038566192213327
        },
        {
          "feature": "feret_iqr",
          "loading": 0.4121621706960454
        },
        {
          "feature": "eccentricity_p90",
          "loading": 0.3579013844974724
        },
        {
          "feature": "aspect_ratio_iqr",
          "loading": 0.354447049076037
        },
        {
          "feature": "orientation_entropy",
          "loading": 0.3379109901113469
        },
        {
          "feature": "circular_variance",
          "loading": 0.3079155802379734
        },
        {
          "feature": "feret_p90",
          "loading": 0.25331483305031505
        }
      ]
    },
    "PC4": {
      "top_absolute_loadings": [
        {
          "feature": "roi_lab_a_std",
          "loading": 0.9836968448496587
        },
        {
          "feature": "roi_lab_b_std",
          "loading": 0.7646058847342803
        },
        {
          "feature": "roi_s_std",
          "loading": 0.6695474749329444
        },
        {
          "feature": "roi_s_mean",
          "loading": 0.5217656652365342
        },
        {
          "feature": "roi_lab_a_mean",
          "loading": 0.47795228882052404
        },
        {
          "feature": "area_percentage",
          "loading": -0.4761749879681709
        },
        {
          "feature": "mean_pixel_intensity",
          "loading": 0.40916795707144216
        },
        {
          "feature": "roi_lab_l_mean",
          "loading": -0.31106496336128503
        },
        {
          "feature": "roi_v_std",
          "loading": 0.21670129638456526
        },
        {
          "feature": "num_particles",
          "loading": -0.1806592145281238
        }
      ]
    },
    "PC5": {
      "top_absolute_loadings": [
        {
          "feature": "transit",
          "loading": 1.0330560913143016
        },
        {
          "feature": "total",
          "loading": 0.8731461180098324
        },
        {
          "feature": "park",
          "loading": 0.4619870562764283
        },
        {
          "feature": "industrial",
          "loading": 0.34878073702109785
        },
        {
          "feature": "green_vs_traffic_ratio_500m",
          "loading": 0.34197285117744514
        },
        {
          "feature": "place_diversity_entropy",
          "loading": 0.2863177331640314
        },
        {
          "feature": "capture_month_sin",
          "loading": 0.28195993875632813
        },
        {
          "feature": "eccentricity_iqr",
          "loading": -0.26866165963868727
        },
        {
          "feature": "parking",
          "loading": 0.22235662541522416
        },
        {
          "feature": "season_autumn",
          "loading": -0.20085008922579636
        }
      ]
    }
  }
}