cluster_label,count,fraction
1,1335,0.52046783625731
2,550,0.21442495126705652
3,317,0.12358674463937622
4,363,0.1415204678362573
