{
  "PM10": {
    "slope": 5.912886205097057e-05,
    "intercept": 6.763489480198955
  },
  "PM25": {
    "slope": 0.00021507963691545865,
    "intercept": 5.412905369227905
  }
}
