variable,chi_square_statistic,chi_square_p_value,degrees_of_freedom,cramers_v,category_count,chi_square_p_value_bh
official_station_id,1861.168519262672,1.4549981866679035e-212,327,0.4918000141981083,110,7.274990933339517e-212
official_pm25_band,79.05242898540097,4.9008785718549114e-17,3,0.17555529164100486,2,8.168130953091519e-17
capture_season,148.39533240986438,1.8957208712549366e-27,9,0.1388691599601098,4,4.739302178137342e-27
station_distance_band,80.18597172972244,1.4843338311772893e-13,9,0.1020809930382,4,1.8554172889716116e-13
official_pm10_band,11.119639066999088,0.01109622396731958,3,0.06584179475418243,2,0.01109622396731958
