cluster_label,count,fraction
1,1773,0.6877424359968968
2,367,0.14235841737781227
3,438,0.16989914662529093
