variable,chi_square_statistic,chi_square_p_value,degrees_of_freedom,cramers_v,category_count,chi_square_p_value_bh
official_station_id,773.8364222737088,2.9485828054762967e-67,204,0.43213029098468986,103,1.4742914027381485e-66
capture_season,92.80719015465084,7.906067301516166e-18,6,0.149651453283126,4,1.9765168253790417e-17
official_pm25_band,22.712139296044217,1.169826932523406e-05,2,0.10469697793733365,2,1.913664134543107e-05
station_distance_band,32.14446789795565,1.5309313076344856e-05,6,0.08807309274968769,4,1.913664134543107e-05
official_pm10_band,0.2166116792499104,0.8973531083198031,2,0.010224593695609829,2,0.8973531083198031
