cluster_label,count,fraction
1,434,0.2084534101825168
2,1210,0.5811719500480308
3,273,0.13112391930835735
4,165,0.0792507204610951
