variable,kruskal_wallis_statistic,kruskal_wallis_p_value,epsilon_squared,kruskal_wallis_p_value_bh
capture_dayofyear,45.61858015361144,6.835767721736344e-10,0.02050942259557817,2.15097754526791e-09
capture_month,45.521075872613864,7.169925150893033e-10,0.020462500419929676,2.15097754526791e-09
longitude,26.95182466174059,6.02586767312638e-06,0.011526383379085944,1.205173534625276e-05
capture_year,16.19412147907556,0.0010346559338739493,0.006349432858072935,0.0014960220832812888
capture_weekday,15.799219595708152,0.001246685069401074,0.006159393453180054,0.0014960220832812888
latitude,13.651888786078606,0.0034194044751069993,0.005126029252203372,0.0034194044751069993
