cluster_label,count,fraction
1,1277,0.6163127413127413
2,484,0.2335907335907336
3,311,0.1500965250965251
