variable,chi_square_statistic,chi_square_p_value,degrees_of_freedom,cramers_v,category_count,chi_square_p_value_bh
official_station_id,1311.2589170454214,9.437516857224094e-154,222,0.5042986121287667,112,4.718758428612047e-153
capture_season,145.37068639461066,7.361541079165384e-29,6,0.16791208956034656,4,1.840385269791346e-28
official_pm25_band,63.992640079897946,1.2710855027412468e-14,2,0.15755186824321396,2,2.1184758379020777e-14
station_distance_band,75.2432707074545,3.4202176585700257e-14,6,0.12080290507678686,4,4.275272073212532e-14
official_pm10_band,6.431516818650269,0.040124891189446295,2,0.049947671681280795,2,0.040124891189446295
