cluster_label,count,fraction
1,446,0.21525096525096524
2,157,0.07577220077220077
3,271,0.13079150579150578
4,1198,0.5781853281853282
