{
  "input_feature_count": 46,
  "variance_threshold": 0.85,
  "retained_components_for_variance_threshold": 17,
  "explained_variance_ratio": [
    0.16027438605008223,
    0.12645368708431862,
    0.09911172789324317,
    0.07301171381813687,
    0.06079392370524347,
    0.05000163235709055,
    0.04390137178164049,
    0.03627658858922438,
    0.03415168407821447,
    0.02958103378332386,
    0.02566140284659964,
    0.02316037435641372,
    0.022276001509777592,
    0.019954283933378163,
    0.01794446738133024,
    0.017469464822133997,
    0.01599565251099322,
    0.01501769166952532,
    0.014248667133998812,
    0.013012010442998033,
    0.011138086957871019,
    0.009383282151568546,
    0.008986257956510214,
    0.00892633417190399,
    0.006893924340685972,
    0.006574635333722354,
    0.006469497112626227,
    0.00587244187094062,
    0.005286837640224146,
    0.004935717435216875,
    0.004637327261526348,
    0.004333909480448978,
    0.0037711894722051555,
    0.0035742662204693225,
    0.002305613934004646,
    0.0019486506260735486,
    0.0017489533276134463,
    0.0012585255770766978,
    0.0011240197567736554,
    0.0010412832428406164,
    0.0009396673325041034,
    0.00037308664785981827,
    0.0001288451865241667,
    4.98812151428542e-05,
    6.3233268048670676e-18,
    1.5293125464234332e-19
  ],
  "cumulative_variance_ratio": [
    0.16027438605008223,
    0.28672807313440085,
    0.38583980102764404,
    0.4588515148457809,
    0.5196454385510244,
    0.569647070908115,
    0.6135484426897554,
    0.6498250312789797,
    0.6839767153571942,
    0.7135577491405181,
    0.7392191519871177,
    0.7623795263435315,
    0.784655527853309,
    0.8046098117866872,
    0.8225542791680175,
    0.8400237439901515,
    0.8560193965011447,
    0.8710370881706699,
    0.8852857553046688,
    0.8982977657476668,
    0.9094358527055378,
    0.9188191348571064,
    0.9278053928136166,
    0.9367317269855207,
    0.9436256513262066,
    0.950200286659929,
    0.9566697837725552,
    0.9625422256434958,
    0.96782906328372,
    0.9727647807189369,
    0.9774021079804632,
    0.9817360174609122,
    0.9855072069331173,
    0.9890814731535866,
    0.9913870870875913,
    0.9933357377136648,
    0.9950846910412783,
    0.996343216618355,
    0.9974672363751287,
    0.9985085196179693,
    0.9994481869504733,
    0.9998212735983332,
    0.9999501187848573,
    1.0000000000000002,
    1.0000000000000002,
    1.0000000000000002
  ],
  "top_loading_summary": {
    "PC1": {
      "top_absolute_loadings": [
        {
          "feature": "area_median",
          "loading": 1.0521625198134037
        },
        {
          "feature": "eccentricity_iqr",
          "loading": -0.942955582521601
        },
        {
          "feature": "mean_pixel_intensity",
          "loading": -0.8535073087146947
        },
        {
          "feature": "solidity_iqr",
          "loading": 0.6762439502072808
        },
        {
          "feature": "feret_p90",
          "loading": 0.665979065101418
        },
        {
          "feature": "area_iqr",
          "loading": 0.6098810186267566
        },
        {
          "feature": "aspect_ratio_median",
          "loading": 0.5140933486264939
        },
        {
          "feature": "feret_iqr",
          "loading": 0.508414642517225
        },
        {
          "feature": "orientation_entropy",
          "loading": 0.4937577158834438
        },
        {
          "feature": "roi_s_std",
          "loading": 0.4611003684521815
        }
      ]
    },
    "PC2": {
      "top_absolute_loadings": [
        {
          "feature": "mean_pixel_intensity",
          "loading": 1.1823446005282197
        },
        {
          "feature": "roi_s_std",
          "loading": -0.8993657497033565
        },
        {
          "feature": "eccentricity_iqr",
          "loading": -0.7211326237429949
        },
        {
          "feature": "roi_v_std",
          "loading": -0.6610404247932253
        },
        {
          "feature": "roi_lab_a_std",
          "loading": -0.6133256156834239
        },
        {
          "feature": "area_median",
          "loading": 0.5329839044420395
        },
        {
          "feature": "roi_lab_b_std",
          "loading": -0.509939943147758
        },
        {
          "feature": "roi_lab_l_mean",
          "loading": 0.3244820965128012
        },
        {
          "feature": "roi_v_mean",
          "loading": 0.3041894306554531
        },
        {
          "feature": "transit",
          "loading": -0.29837367429637063
        }
      ]
    },
    "PC3": {
      "top_absolute_loadings": [
        {
          "feature": "eccentricity_iqr",
          "loading": 1.2316293764315775
        },
        {
          "feature": "circularity_p90",
          "loading": 0.6661888969115428
        },
        {
          "feature": "aspect_ratio_median",
          "loading": 0.5900743003685895
        },
        {
          "feature": "circularity_iqr",
          "loading": 0.5553544927146657
        },
        {
          "feature": "feret_iqr",
          "loading": 0.433191048825194
        },
        {
          "feature": "orientation_entropy",
          "loading": 0.43302006705280666
        },
        {
          "feature": "circular_variance",
          "loading": 0.4017617332948866
        },
        {
          "feature": "area_iqr",
          "loading": 0.33801420784643227
        },
        {
          "feature": "eccentricity_p90",
          "loading": 0.33121361113870296
        },
        {
          "feature": "feret_p90",
          "loading": 0.3039087545001176
        }
      ]
    },
    "PC4": {
      "top_absolute_loadings": [
        {
          "feature": "transit",
          "loading": 0.9902577472949448
        },
        {
          "feature": "total",
          "loading": 0.8156047826534076
        },
        {
          "feature": "park",
          "loading": 0.42785081109096246
        },
        {
          "feature": "roi_lab_a_std",
          "loading": -0.41728363870334667
        },
        {
          "feature": "roi_s_mean",
          "loading": -0.40118663142603167
        },
        {
          "feature": "roi_lab_b_std",
          "loading": -0.3326746739420156
        },
        {
          "feature": "green_vs_traffic_ratio_500m",
          "loading": 0.29917519375922885
        },
        {
          "feature": "roi_lab_a_mean",
          "loading": -0.2761302395145569
        },
        {
          "feature": "parking",
          "loading": 0.2753835000571518
        },
        {
          "feature": "industrial",
          "loading": 0.2649377325188145
        }
      ]
    },
    "PC5": {
      "top_absolute_loadings": [
        {
          "feature": "roi_lab_a_std",
          "loading": 0.596955969117045
        },
        {
          "feature": "mean_pixel_intensity",
          "loading": 0.5955886245547859
        },
        {
          "feature": "roi_lab_a_mean",
          "loading": 0.5138588794651753
        },
        {
          "feature": "roi_s_mean",
          "loading": 0.478719666062798
        },
        {
          "feature": "roi_lab_b_std",
          "loading": 0.4468541915123868
        },
        {
          "feature": "transit",
          "loading": 0.41620421134479024
        },
        {
          "feature": "capture_month_sin",
          "loading": 0.3810501768710584
        },
        {
          "feature": "total",
          "loading": 0.3605065329249303
        },
        {
          "feature": "season_winter",
          "loading": -0.31906679817103367
        },
        {
          "feature": "roi_lab_b_mean",
          "loading": -0.30281201603248675
        }
      ]
    }
  }
}