variable,chi_square_statistic,chi_square_p_value,degrees_of_freedom,cramers_v,category_count,chi_square_p_value_bh
official_station_id,1263.9134984222305,1.7808838007692804e-116,306,0.45092381550652627,103,8.904419003846402e-116
capture_season,179.66913290906922,5.940336393356354e-34,9,0.1700126485325347,4,1.4850840983390885e-33
official_pm25_band,52.81711223461126,2.005571118108382e-11,3,0.159658649258703,2,3.342618530180636e-11
station_distance_band,62.37101380285961,4.670479384735887e-10,9,0.10016959059256415,4,5.838099230919859e-10
official_pm10_band,12.31423703103924,0.00638069799892791,3,0.07709192298983016,2,0.00638069799892791
